task,space,variant,top_k,n_heads_long,n_heads_single,head_jaccard,n_shared_heads,ambient_dim,cols_per_head,saturated,eff_rank_long,eff_rank_single,stable_rank_long,stable_rank_single,rank_a,rank_b,rank_joint,rank_sharing,grassmann_overlap,energy_b_in_a,energy_a_in_b,mean_principal_angle_deg,n_angles_cos_gt_0.9,n_angles_cos_gt_0.99,null_uniform_grassmann_overlap_mean,null_uniform_grassmann_overlap_std,null_uniform_grassmann_overlap_z,null_uniform_grassmann_overlap_pct,null_uniform_rank_sharing_mean,null_uniform_rank_sharing_std,null_uniform_rank_sharing_z,null_uniform_rank_sharing_pct,null_uniform_energy_b_in_a_mean,null_uniform_energy_b_in_a_std,null_uniform_energy_b_in_a_z,null_uniform_energy_b_in_a_pct,null_layer_matched_grassmann_overlap_mean,null_layer_matched_grassmann_overlap_std,null_layer_matched_grassmann_overlap_z,null_layer_matched_grassmann_overlap_pct,null_layer_matched_rank_sharing_mean,null_layer_matched_rank_sharing_std,null_layer_matched_rank_sharing_z,null_layer_matched_rank_sharing_pct,null_layer_matched_energy_b_in_a_mean,null_layer_matched_energy_b_in_a_std,null_layer_matched_energy_b_in_a_z,null_layer_matched_energy_b_in_a_pct
female,head,all,0.01,16,16,0.0,0,5120,128,False,1877.6014913081015,1892.2144815772401,270.5159369968874,233.49619136212772,1901,1910,3340,0.2477643345607575,0.41958142096868734,0.4518634311589545,0.4563903302815634,51.39883266058009,305,0,0.38867117149231734,0.012184115585014626,2.536930092356219,1.0,0.22886451732719162,0.02026003598730121,0.9328619774126805,0.8,0.3979654895995902,0.018445416255862785,2.92202359717597,1.0,0.44767541946289857,0.007665711489451276,-3.664891188883271,0.0,0.29512691507590116,0.017071844343206192,-2.774309533462434,0.0,0.49621479264383594,0.011672423146959737,-3.799670464862597,0.0
female,head,all,0.03,48,48,0.054945054945054944,5,5120,128,True,4154.9130735600875,4224.178514385718,271.00522146172943,189.9702072841544,4080,4134,4674,0.8676470588235294,0.8258827093970192,0.855951983815352,0.8707627189774046,14.667827213882841,3094,3094,0.826331517917151,0.0010377710007060193,-0.4324735609555514,0.4,0.8647266206725461,0.001213368276506051,2.4068852033884065,1.0,0.8421738432713759,0.0020823502048535098,6.616629859791212,1.0,0.822460230910228,0.0011939771535994252,2.8664522402909007,1.0,0.8651312257054057,0.0011463037835385025,2.1947350730690953,1.0,0.8683585679478967,0.007544236867417465,-1.6445114795012665,0.0
female,head,disjoint,0.03,43,43,0.054945054945054944,5,5120,128,True,4031.2972358259685,4101.046744466929,280.61594587355523,187.82242786420224,3911,3965,4657,0.8230631552032728,0.789197193003569,0.8103835831035849,0.8261456038581456,17.802322148950864,2756,2756,0.79309385676405,0.001944497201270821,-2.0039441342133424,0.0,0.8260818612689322,0.002121136653242168,-1.4231549207569218,0.0,0.8059504766039899,0.0030773179437697663,1.4405747409266467,1.0,0.79290400246668,0.005247140957222437,-0.7064436601438593,0.2,0.8278214049947344,0.0061623014273365735,-0.7721546645468531,0.2,0.8275875130609827,0.007858617000703984,-2.1891803552529123,0.0
female,head,all,0.05,80,80,0.08108108108108109,12,5120,128,True,4531.466837692455,4577.524545782063,231.36296662745292,248.4631231625298,4595,4629,4819,0.9586507072905331,0.9169334582169358,0.9388300661869937,0.9451326965552728,6.896487139510245,4104,4104,0.9210889535697904,0.0006862678600112878,-6.055209044448303,0.0,0.9570531366067699,0.0007935327266950869,2.0132385596959357,1.0,0.93036635893664,0.0026340594686280485,3.2131800178232317,1.0,0.9163061455446423,0.0017954772892132174,0.34938491066541705,0.6,0.958034522036441,0.0015256095351535927,0.4038944696488753,0.6,0.939608404509188,0.004056189130517371,-0.19188906067973177,0.8
female,head,disjoint,0.05,68,68,0.08108108108108109,12,5120,128,True,4463.490154482507,4513.774086597248,244.4773534336219,267.76458608145776,4494,4533,4813,0.9376947040498442,0.8952005992191278,0.9114472280129802,0.9196071198590491,8.662140076738897,3907,3907,0.90063798894779,0.0007159870283285379,-7.594257316861968,0.0,0.9391669203365062,0.0008778848643067584,-1.6770038378831276,0.0,0.9121135153314258,0.0012916448878964137,-0.5158440409505811,0.2,0.8937211707950651,0.002263470165067227,0.6536107464083754,0.8,0.9380106413646905,0.0022209104841855003,-0.14225576271351423,0.4,0.9223815267125766,0.0027652611330402353,-3.954164967984343,0.0
female,head,all,0.07,112,112,0.09803921568627451,20,5120,128,True,4689.130703031707,4716.180894751287,256.00820133911486,246.6381640984463,4764,4781,4881,0.979009235936188,0.9443463510847634,0.961300960313394,0.9642605024155451,4.622067418635514,4425,4425,0.9472125622883402,0.0006036799066902207,-4.747898964024282,0.0,0.9777410057614488,0.0005582648122366198,2.2717358266916285,1.0,0.9554429682225806,0.0019556724697287822,2.9953850562849067,1.0,0.9427559688584666,0.0016071632859311145,0.9895585845065044,0.8,0.9779468312782649,0.0013746893790708347,0.7728325206391471,0.8,0.9603252136019453,0.0011923557874657918,0.8183351996994568,0.8
female,head,disjoint,0.07,92,92,0.09803921568627451,20,5120,128,True,4630.281895372087,4663.51009164018,273.1554145802007,260.357650303244,4696,4719,4877,0.9663543441226575,0.9290158673084888,0.9425426104612653,0.9472047053604646,5.848948620147154,4295,4295,0.9340461679676453,0.0010698356827974858,-4.701937634013885,0.0,0.967479424144063,0.0008970335965467699,-1.2542228359523586,0.0,0.9425286747584549,0.0012170666470987825,0.011450238032243798,0.4,0.930803416844556,0.001728423865598056,-1.0342078535514063,0.2,0.9690018819222711,0.0011684838067679653,-2.2657890372795872,0.0,0.9476254873674443,0.0016955172304713513,-2.9978326464815708,0.0
female,head,all,0.09,144,144,0.125,32,5120,128,True,4773.060965370162,4794.477799535413,239.86029996480414,264.477167194744,4846,4852,4922,0.9855550969872059,0.9544923534232546,0.9698119019270989,0.971792377062633,3.756887404256998,4578,4578,0.9578193603156748,0.00045325155283192423,-7.340309970551823,0.0,0.9851198205725471,0.0003334362275567718,1.3054262815059001,1.0,0.9655961080316882,0.0005888607438648769,7.159237458658123,1.0,0.9574658101320213,0.001883463100761482,-1.578717792541055,0.2,0.9876731319710895,0.0014456342602588252,-1.4651250610956195,0.2,0.96874330984226,0.0016121535687290437,0.6628351700274605,0.8
female,head,disjoint,0.09,112,112,0.125,32,5120,128,True,4713.117380238114,4743.217055475316,252.58188179581745,288.2377841573316,4788,4801,4919,0.9753550543024228,0.9415068026391179,0.9529891743912545,0.9568631717666326,4.80599823382472,4469,4469,0.9472125622883402,0.0006036799066902207,-9.451630882507049,0.0,0.9777410057614488,0.0005582648122366198,-4.273870404740483,0.0,0.9554429682225806,0.0019556724697287822,-1.2547059230558908,0.2,0.9450775893394716,0.001699310863972029,-2.101314583493705,0.0,0.9797705091609643,0.0012180068420221007,-3.6251478285714245,0.0,0.9555486096684038,0.0013702465739879317,-1.867864752035384,0.0
female,head,all,0.1,160,160,0.1387900355871886,39,5120,128,True,4799.9164850149855,4821.413650339156,249.86350769570404,258.7869715666303,4867,4872,4929,0.9882884733922334,0.9590445967790359,0.9729847909906908,0.9748408608714902,3.3900880594442357,4619,4619,0.9619100745427055,0.0010401970613036111,-2.754745105776896,0.0,0.9878227623075064,0.000903658174548394,0.5153620006366545,0.6,0.9686590411766,0.0012273210530158135,3.5245462492975785,1.0,0.9618068826486027,0.0008882357970536395,-3.1098565028898824,0.0,0.9900726721743697,0.0006866027902400442,-2.598589471960256,0.0,0.9722580507492653,0.001085092147250731,0.6697497933855816,0.8
female,head,disjoint,0.1,121,121,0.1387900355871886,39,5120,128,True,4737.765604124789,4767.905616601366,280.7375848789254,295.36284861840255,4811,4823,4927,0.9783828725836624,0.9458245429444031,0.9567409612229507,0.9604673746142962,4.4533589287438895,4514,4514,0.9508004421031849,0.0005727668986415039,-8.687476826233727,0.0,0.9800709943570028,0.0005444614324717481,-3.100535084141208,0.0,0.9581566644274628,0.0008095596359141686,-1.7487324487386078,0.0,0.9490445213728032,0.001181656714475096,-2.724969433978461,0.0,0.981886605786715,0.0008030688685856861,-4.362929930558996,0.0,0.9609032000886423,0.0011114150044456625,-3.744990709179374,0.0
female,head,all,0.5,800,800,0.34115674769488685,407,5120,128,True,5029.317965268704,5036.454401266622,220.26894281806548,275.5196072875399,5011,5015,5018,0.9994013171023748,0.9884886587021603,0.9876748436055455,0.9884489974994992,1.0271449440868692,4908,4906,0.9887548444313312,0.00015837187418417183,-1.680763901684783,0.0,0.9992815087829496,0.00010920596942610061,1.0970858100044245,0.8,0.9880605643294456,0.0002353160095384702,-1.6391605681934105,0.0,0.9890925770908611,0.0004093065832094879,-1.475467078895436,0.0,0.999480990086932,0.000178488296254253,-0.44637652008147116,0.4,0.9876160570526349,0.00015198542921703557,0.3867907154878393,0.6
female,head,disjoint,0.5,393,393,0.34115674769488685,407,5120,128,True,4980.261712397537,4996.7784693568865,173.3793189819481,263.9630915770717,4982,4991,5007,0.9967884383781613,0.9784297816413159,0.9807757333684406,0.9823359431210565,1.7720950749963615,4853,4853,0.9791440366486418,0.0005823155747415902,-1.2265772002455442,0.2,0.9970339715289853,0.00016714601999107364,-1.4689739596377887,0.0,0.9836326301421072,0.0003273464931675252,-8.727439680267361,0.0,0.9791282053336637,0.0006269922823026753,-1.1139270961722796,0.0,0.9973916288405009,0.0003164539778031917,-1.9060922113443035,0.0,0.9821552031432667,0.0003065703842250334,-4.499683745751121,0.0
female,head,all,1.0,1600,1600,1.0,1600,5120,128,True,5048.993945773056,5048.993945773056,233.62955724830422,233.62955724830422,5020,5020,5020,1.0,1.0000000000000007,0.9900655807073632,0.9900655807073632,9.801102240412268e-07,5020,5020,1.0000000000000004,1.5700924586837752e-16,1.414213562373095,0.6,1.0,0.0,,0.0,0.990065580707363,1.2412670766236366e-16,1.7888543819998317,1.0,1.0000000000000004,1.1102230246251565e-16,2.0,0.8,1.0,0.0,,0.0,0.9900655807073632,5.551115123125783e-17,0.0,0.2
lying,head,all,0.01,16,16,0.03225806451612903,1,5120,128,False,1872.047569148042,1907.6684873061622,185.74641681963786,419.6519255284252,1897,1920,3288,0.2788613600421718,0.43111120664375396,0.45588438208156135,0.4632948327596041,50.077015508839686,335,123,0.38867117149231734,0.012184115585014626,3.483226571129552,1.0,0.22886451732719162,0.02026003598730121,2.4677568562226506,1.0,0.3979654895995902,0.018445416255862785,3.1400154747693425,1.0,0.41082374835164776,0.010112249260847223,2.006226089645113,1.0,0.24620789286779857,0.01634977795889865,1.9971810783277972,1.0,0.43390776431295386,0.018208286261449796,1.2069569564674476,1.0
lying,head,disjoint,0.01,15,15,0.03225806451612903,1,5120,128,False,1760.1321137152643,1795.3407504294487,179.97810064832188,420.39410469803886,1786,1807,3217,0.21052631578947367,0.3849780900151175,0.3999573299016573,0.4068746351331099,53.78695116653983,198,0,0.37800764142508114,0.031472321500576134,0.22147869167861575,0.8,0.21498516408153404,0.046614988182926156,-0.09565267451239046,0.8,0.3940639325801373,0.050514646075831,0.11666710111505121,0.8,0.39698410181930865,0.01096339491614366,-1.0950998204499796,0.0,0.22494475024232927,0.01780010634631927,-0.8100195679919101,0.0,0.427016242140376,0.015507498752692755,-1.7448921112452216,0.0
lying,head,all,0.03,48,48,0.010526315789473684,1,5120,128,True,4206.840387562348,4218.7278930088305,275.8621444309029,215.47723705880483,4123,4133,4709,0.8602959010429299,0.820517218767059,0.8537245811157139,0.8538413699678963,15.046225050294204,3136,3136,0.826331517917151,0.0010377710007060193,-5.602680308214834,0.0,0.8647266206725461,0.001213368276506051,-3.651586839219774,0.0,0.8421738432713759,0.0020823502048535098,5.546971790535396,1.0,0.8233177787787094,0.0020382170476078384,-1.3740244273480584,0.0,0.8641249425852042,0.0018281358266933085,-2.0945060461947484,0.0,0.8541334288427296,0.002129126118344246,-0.19202607280662537,0.4
lying,head,disjoint,0.03,47,47,0.010526315789473684,1,5120,128,True,4178.8648869054405,4190.592109645455,274.412827551058,213.48297552765,4088,4097,4704,0.8515166340508806,0.8128618178807987,0.8455222357519082,0.8453097574800752,15.697680952285372,3065,3065,0.8218788156759759,0.0024991667992682333,-3.6080015938981695,0.0,0.8593133101380008,0.003093163078315667,-2.5206159163666726,0.0,0.8353878284523478,0.0028038511065712067,3.614459867647403,1.0,0.8171276466454351,0.002816522393808443,-1.514572997542644,0.2,0.8571222734999836,0.0031666789517844746,-1.770195063804654,0.0,0.8452889388734774,0.007941795055254799,0.02937583717630719,0.6
lying,head,all,0.05,80,80,0.05263157894736842,8,5120,128,True,4551.773262337954,4600.159540269695,196.99154769614532,243.3786027044971,4615,4653,4846,0.9581798483206934,0.9172345772947186,0.9348909191042962,0.9405963996442589,6.813907312543936,4148,4148,0.9210889535697904,0.0006862678600112878,-5.616431279483778,0.0,0.9570531366067699,0.0007935327266950869,1.4198679853015805,0.8,0.93036635893664,0.0026340594686280485,1.7177137500289061,1.0,0.9170313194267342,0.001687026402900314,0.12048292050137746,0.4,0.9578375000791215,0.0017553604464087306,0.19503016732106038,0.4,0.9310470016219844,0.0003621508229231953,10.614134330234691,1.0
lying,head,disjoint,0.05,72,72,0.05263157894736842,8,5120,128,True,4487.886694741618,4540.5951661033905,186.39936762363152,230.02280022217587,4540,4581,4838,0.9433920704845815,0.9013350236427617,0.9166103693122418,0.9230605431143544,8.111951767055729,4001,4001,0.9088706558524822,0.0012851046036141016,-5.863827884926995,0.0,0.9462565291624104,0.0008784586661048122,-3.2607779834767423,0.0,0.9188569304326443,0.002132427214836191,-1.0535230017569546,0.2,0.9052074553914903,0.001890421592334681,-2.0484487504959454,0.0,0.9472558603408743,0.0015604928637831712,-2.4760061042032646,0.0,0.9197273967966542,0.0013812440002771394,-2.2566812842531245,0.0
lying,head,all,0.07,112,112,0.06666666666666667,14,5120,128,True,4692.850871019878,4729.041256328451,225.25072093730563,227.29650044935815,4765,4796,4894,0.9794333683105981,0.9449554803236797,0.9579469245429098,0.9622074474718012,4.5391120263765705,4441,4441,0.9472125622883402,0.0006036799066902207,-3.738872106966916,0.0,0.9777410057614488,0.0005582648122366198,3.0314691380404946,1.0,0.9554429682225806,0.0019556724697287822,1.2803556623550756,1.0,0.9440678370379103,0.001312375515637452,0.6763637961793674,0.8,0.9790164304527537,0.0015383670876909284,0.27102624671351183,0.4,0.9570418410731649,0.0017225966438147622,0.5254181081767826,0.6
lying,head,disjoint,0.07,98,98,0.06666666666666667,14,5120,128,True,4651.175490811041,4689.252472970051,271.46370059974726,258.7299053206142,4720,4753,4891,0.9707627118644068,0.9344037627324462,0.9456886503208233,0.9501495264347489,5.387785438311802,4353,4353,0.9388819228155029,0.0007132151997914723,-6.278834332703498,0.0,0.9715255608723308,0.0008780926468247307,-0.868756856901765,0.2,0.9486781690853977,0.001912956647576574,-1.5627739229541324,0.0,0.9358711793705712,0.0009435324837526522,-1.555237009211101,0.0,0.9726040625615188,0.0012142307879314438,-1.5164750518712449,0.0,0.9474851060081415,0.0017548039062294403,-1.023735860708385,0.2
lying,head,all,0.09,144,144,0.09923664122137404,26,5120,128,True,4761.447446547835,4804.534256605242,245.15361734992922,253.0929731770096,4832,4861,4919,0.9879966887417219,0.9580917273320674,0.9675517789421215,0.9720006954672756,3.4706723024752084,4573,4573,0.9578193603156748,0.00045325155283192423,0.600917999487912,0.6,0.9851198205725471,0.0003334362275567718,8.627941211591768,1.0,0.9655961080316882,0.0005888607438648769,3.3211093298522187,1.0,0.9572426787328843,0.0009579112260330804,0.8863541590374785,0.8,0.9876713817680731,0.0005335134494321471,0.6097446540382209,0.8,0.9662326693413718,0.0003556739217577549,3.7087610872078427,1.0
lying,head,disjoint,0.09,118,118,0.09923664122137404,26,5120,128,True,4719.278530018599,4767.711254896332,282.96925580237587,266.56808358110385,4791,4825,4920,0.9801711542475475,0.9476119614458697,0.9546499162285537,0.9599865190937036,4.296944284736899,4496,4496,0.9495883103939768,0.0005357546628756256,-3.688906667651291,0.0,0.9792122140394524,0.00022471460109725136,4.267369380595629,1.0,0.9575260596740691,0.0009589576595036383,-2.999239243789098,0.0,0.9474600270654724,0.0015429601272697621,0.0984694145441946,0.4,0.9801093421941927,0.0010704534706608396,0.05774380208857757,0.6,0.9570153273001172,0.0012246440858884138,-1.9315089982633915,0.0
lying,head,all,0.1,160,160,0.11498257839721254,33,5120,128,True,4780.021252686646,4826.445355515343,245.76929231697022,265.76341897672927,4848,4880,4925,0.9907178217821783,0.962559941594609,0.9705579726119362,0.9752268667448327,3.1123891651598563,4608,4608,0.9619100745427055,0.0010401970613036111,0.6247537856808322,0.6,0.9878227623075064,0.000903658174548394,3.2037108236404217,1.0,0.9686590411766,0.0012273210530158135,1.5472165418087982,0.8,0.9605238221516587,0.0013605327241362707,1.4965604331516311,1.0,0.9894203983074611,0.0008489166360402823,1.5283284831935013,1.0,0.9692712836727366,0.0016735534815272182,0.7688364628929613,0.8
lying,head,disjoint,0.1,127,127,0.11498257839721254,33,5120,128,True,4736.99673753596,4792.824760096684,276.00626565133723,280.753363522249,4808,4846,4926,0.9833610648918469,0.9519958745355507,0.9575070769167213,0.9634897764990905,3.9390636158964822,4534,4534,0.9532203190016956,0.0005570705560855535,-2.198006074399029,0.0,0.9819243224872061,0.000455537561568218,3.153949368510441,1.0,0.96091418435956,0.0004809411651328014,-7.084249986997634,0.0,0.9521379662880397,0.001063270055803604,-0.13363655988754006,0.6,0.9837574243868321,0.0008898843949069647,-0.4454056024059341,0.4,0.9589175020813219,0.001291171548654708,-1.0923607835613265,0.0
lying,head,all,0.5,800,800,0.3366750208855472,403,5120,128,True,5019.5370989464245,5032.40873230032,206.0246035323623,295.5401904912635,5003,5011,5012,0.9998001199280432,0.9899830333962385,0.9873509377381336,0.9888076037720522,0.936378689488315,4902,4894,0.9887548444313312,0.00015837187418417183,7.755095222773042,1.0,0.9992815087829496,0.00010920596942610061,4.748926709949617,1.0,0.9880605643294456,0.0002353160095384702,-3.0156324370097525,0.0,0.9893124707234046,0.0003689923696392702,1.817280594418492,1.0,0.9995605752266659,8.922849939142727e-05,2.6846209788477076,1.0,0.98752643201446,7.226725075636285e-05,-2.428406705521413,0.0
lying,head,disjoint,0.5,397,397,0.3366750208855472,403,5120,128,True,4982.862983502455,5007.6502732612435,161.71353989454576,307.60696565968414,4985,4998,5013,0.9969909729187563,0.9783208168058688,0.9800335945698915,0.982219704839319,1.7784096579590507,4863,4863,0.9790725264321068,0.00031017960823643886,-2.4234656511173656,0.0,0.9970346783567597,0.00016729370235651363,-0.2612497505156095,0.2,0.9836727470938799,0.00020443320223620444,-17.801181433256957,0.0,0.9791996384897214,0.0005378163195372731,-1.6340554422161846,0.0,0.9973523374962145,0.0002606354553215817,-1.3864751325272056,0.0,0.982029823791903,0.0003027896459446393,-6.592792219772477,0.0
lying,head,all,1.0,1600,1600,1.0,1600,5120,128,True,5048.993945773056,5048.993945773056,233.62955724830422,233.62955724830422,5020,5020,5020,1.0,1.0000000000000007,0.9900655807073632,0.9900655807073632,9.801102240412268e-07,5020,5020,1.0000000000000004,1.5700924586837752e-16,1.414213562373095,0.6,1.0,0.0,,0.0,0.990065580707363,1.2412670766236366e-16,1.7888543819998317,1.0,1.0000000000000004,1.1102230246251565e-16,2.0,0.8,1.0,0.0,,0.0,0.9900655807073632,5.551115123125783e-17,0.0,0.2
